{
  "language": "hu",
  "version": 7,
  "assessment_type": "student",
  "last_created": "21/11/2022 10:24:53",
  "staticText": {
    "ableTo": "Az alábbi területeken mennyire vagy jártas?",
    "area": "Terület",
    "back": "Vissza",
    "continue": "Folytatás",
    "finish": "Befejezés",
    "hint": "Cél",
    "previous": "Előző",
    "next": "Következő"
  },
  "answers": [
    {
      "score": 1,
      "title": "Nincs",
      "description": "Nincs jártasságom."
    },
    {
      "score": 2,
      "title": "Alap",
      "description": "Alapszintű jártassággal rendelkezem."
    },
    {
      "score": 3,
      "title": "Közepes",
      "description": "Van alkalmazható tapasztalatom."
    },
    {
      "score": 4,
      "title": "Haladó",
      "description": "A kívánt eredményeket kihívások ellenére is el tudom érni."
    },
    {
      "score": 5,
      "title": "Szakértő",
      "description": "Példaadónak és inspirálónak vagyok tekinthető."
    },
    {
      "score": 0,
      "title": "Kihagyás",
      "description": "A kérdés / válasz nem egyértelmű."
    }
  ],
  "areas": [],
  "items": [
    {
      "area": "Ötletek és lehetőségek",
      "competence": "A lehetőségek felismerése",
      "hint": "Azonosítani az értékteremtési lehetőségeket képzeleted, tudásod és képességeid használatával.",
      "question": "A piaci környezetet figyelemmel kísérése releváns információk megszerzése érdekében",
      "id": 1
    },
    {
      "area": "Ötletek és lehetőségek",
      "competence": "A lehetőségek felismerése",
      "hint": "Azonosítani az értékteremtési lehetőségeket képzeleted, tudásod és képességeid használatával.",
      "question": "A kihívások azonosítása az általános elképzelések megkérdőjelezésével",
      "id": 2
    },
    {
      "area": "Ötletek és lehetőségek",
      "competence": "A lehetőségek felismerése",
      "hint": "Azonosítani az értékteremtési lehetőségeket képzeleted, tudásod és képességeid használatával.",
      "question": "Lehetőségek teremtése a tudásom aktív felhasználásával",
      "id": 3
    },
    {
      "area": "Ötletek és lehetőségek",
      "competence": "A lehetőségek felismerése",
      "hint": "Azonosítani az értékteremtési lehetőségeket képzeleted, tudásod és képességeid használatával.",
      "question": "Lehetőségek feltárása másokkal (például társakkal, kollégákkal, mentorokkal stb.) való interakció révén.",
      "id": 4
    },
    {
      "area": "Ötletek és lehetőségek",
      "competence": "Tervezési képesség",
      "hint": "A felhasználók igényeire szabott megoldás készítése",
      "question": "Felhasználó-orientált ajánlat kialakítása",
      "id": 5
    },
    {
      "area": "Ötletek és lehetőségek",
      "competence": "Tervezési képesség",
      "hint": "A felhasználók igényeire szabott megoldás készítése",
      "question": "A releváns célcsoportok igényeinek azonosítása",
      "id": 6
    },
    {
      "area": "Ötletek és lehetőségek",
      "competence": "Tervezési képesség",
      "hint": "A felhasználók igényeire szabott megoldás készítése",
      "question": "A jövőbeli igények előrejelzése",
      "id": 7
    },
    {
      "area": "Ötletek és lehetőségek",
      "competence": "Kreativitás",
      "hint": "Kreatív és céltudatos ötletek kidolgozása",
      "question": "A status quo megkérdőjelezése, azaz a jelenlegi megoldások és működési módok újraértékelése, valamint alternatív nézőpontok felvetése",
      "id": 8
    },
    {
      "area": "Ötletek és lehetőségek",
      "competence": "Kreativitás",
      "hint": "Kreatív és céltudatos ötletek kidolgozása",
      "question": "A  forradalmi változások előmozdítása és vezetése",
      "id": 9
    },
    {
      "area": "Ötletek és lehetőségek",
      "competence": "Kreativitás",
      "hint": "Kreatív és céltudatos ötletek kidolgozása",
      "question": "Problémák kreatív megoldása",
      "id": 10
    },
    {
      "area": "Ötletek és lehetőségek",
      "competence": "Kreativitás",
      "hint": "Kreatív és céltudatos ötletek kidolgozása",
      "question": "Ötletek generálása és fejlesztése",
      "id": 11
    },
    {
      "area": "Ötletek és lehetőségek",
      "competence": "Kreativitás",
      "hint": "Kreatív és céltudatos ötletek kidolgozása",
      "question": "Innovációk (termék, technológia, folyamat, marketing stb.) kidolgozása és megvalósítása",
      "id": 12
    },
    {
      "area": "Ötletek és lehetőségek",
      "competence": "Vízió",
      "hint": "A jövőképed érdekében munkálkodni",
      "question": "Inspiráló jövőkép kialakítása egy vállalkozói ötlethez",
      "id": 13
    },
    {
      "area": "Ötletek és lehetőségek",
      "competence": "Vízió",
      "hint": "A jövőképed érdekében munkálkodni",
      "question": "Stratégiai gondolkodás, összhangban a hosszú távú jövőképemmel ",
      "id": 14
    },
    {
      "area": "Ötletek és lehetőségek",
      "competence": "Vízió",
      "hint": "A jövőképed érdekében munkálkodni",
      "question": "A tevékenység irányítása cselekvési terv vagy teendőlista összeállításával és végrehajtásával",
      "id": 15
    },
    {
      "area": "Ötletek és lehetőségek",
      "competence": "Ötletek értékelése",
      "hint": "A legtöbbet kihozni az ötletekből és lehetőségekből ",
      "question": "Stratégiák kidolgozása az új ötletek értékének felmérésére",
      "id": 16
    },
    {
      "area": "Ötletek és lehetőségek",
      "competence": "Ötletek értékelése",
      "hint": "A legtöbbet kihozni az ötletekből és lehetőségekből ",
      "question": "Annak meghatározása, hogy melyik érdekelt fél milyen típusú értékeket részesíti előnyben az új ötletben (gazdaság, befolyás, harmónia stb.)",
      "id": 17
    },
    {
      "area": "Ötletek és lehetőségek",
      "competence": "Ötletek értékelése",
      "hint": "A legtöbbet kihozni az ötletekből és lehetőségekből ",
      "question": "A szellemi tulajdon védelme és megosztása megfelelő stratégiák (például szabadalmak, szerzői jogok, védjegyek, megállapodások stb.) alkalmazásával",
      "id": 18
    },
    {
      "area": "Ötletek és lehetőségek",
      "competence": "Etikus és fenntartható gondolkodás",
      "hint": "Az ötletek, lehetőségek és cselekvések következményeinek és hatásának felmérése",
      "question": "Az etikus viselkedés elfogadása és előmozdítása egy ötlet megvalósítása során",
      "id": 19
    },
    {
      "area": "Ötletek és lehetőségek",
      "competence": "Etikus és fenntartható gondolkodás",
      "hint": "Az ötletek, lehetőségek és cselekvések következményeinek és hatásának felmérése",
      "question": "Átgondolni a tetteim fenntartható hatását, mielőtt végrehajtanám őket",
      "id": 20
    },
    {
      "area": "Ötletek és lehetőségek",
      "competence": "Etikus és fenntartható gondolkodás",
      "hint": "Az ötletek, lehetőségek és cselekvések következményeinek és hatásának felmérése",
      "question": "Tevékenységem hatásának nyomon követése és értékelése ",
      "id": 21
    },
    {
      "area": "Ötletek és lehetőségek",
      "competence": "Etikus és fenntartható gondolkodás",
      "hint": "Az ötletek, lehetőségek és cselekvések következményeinek és hatásának felmérése",
      "question": "Felelősséget vállalni a tetteimért ",
      "id": 22
    },
    {
      "area": "Erőforrások",
      "competence": "Önismeret és önbizalom",
      "hint": "Hinni abban, hogy képes vagy elvégezni a feladatokat és elérni a kívánt eredményeket",
      "question": "Álmaim megvalósítása azáltal, hogy azokat elérhető célokká alakítom át",
      "id": 23
    },
    {
      "area": "Erőforrások",
      "competence": "Önismeret és önbizalom",
      "hint": "Hinni abban, hogy képes vagy elvégezni a feladatokat és elérni a kívánt eredményeket",
      "question": "Erősségeim és gyengeségeim rendszeres beazonosítása",
      "id": 24
    },
    {
      "area": "Erőforrások",
      "competence": "Önismeret és önbizalom",
      "hint": "Hinni abban, hogy képes vagy elvégezni a feladatokat és elérni a kívánt eredményeket",
      "question": "Egy vállalkozói ötlet megvalósítása bízva abban, hogy meg tudom majd oldani az esetlegesen felmerülő nehézségeket ",
      "id": 25
    },
    {
      "area": "Erőforrások",
      "competence": "Önismeret és önbizalom",
      "hint": "Hinni abban, hogy képes vagy elvégezni a feladatokat és elérni a kívánt eredményeket",
      "question": "A jövőm alakítása a szükséges készségek fejlesztésével",
      "id": 26
    },
    {
      "area": "Erőforrások",
      "competence": "Motiváltság és kitartás",
      "hint": "Tartósan koncentrálni és nem feladni",
      "question": "A hosszú távú feladatokra való összpontosítás fenntartása",
      "id": 27
    },
    {
      "area": "Erőforrások",
      "competence": "Motiváltság és kitartás",
      "hint": "Tartósan koncentrálni és nem feladni",
      "question": "Motiváltnak és lelkesnek maradni egy vállalkozói ötlet megvalósításakor",
      "id": 28
    },
    {
      "area": "Erőforrások",
      "competence": "Motiváltság és kitartás",
      "hint": "Tartósan koncentrálni és nem feladni",
      "question": "Kitartás a céljaim elérésében, a nehézségek ellenére",
      "id": 29
    },
    {
      "area": "Erőforrások",
      "competence": "Motiváltság és kitartás",
      "hint": "Tartósan koncentrálni és nem feladni",
      "question": "Lendületesség (érzelmileg jó állapot) a nehézségekkel szemben is",
      "id": 30
    },
    {
      "area": "Erőforrások",
      "competence": "Pénzügyi források kiaknázása",
      "hint": "Megszerezni és kezelni a szükséges erőforrásokat",
      "question": "A vállalkozói ötlet sikeréhez szükséges (anyagi és nem anyagi) erőforrások megszerzése",
      "id": 31
    },
    {
      "area": "Erőforrások",
      "competence": "Pénzügyi források kiaknázása",
      "hint": "Megszerezni és kezelni a szükséges erőforrásokat",
      "question": "A legtöbbet kihozni a korlátozott erőforrásokból",
      "id": 32
    },
    {
      "area": "Erőforrások",
      "competence": "Pénzügyi források kiaknázása",
      "hint": "Megszerezni és kezelni a szükséges erőforrásokat",
      "question": "Költségvetési terv proaktív kialakítása ",
      "id": 33
    },
    {
      "area": "Erőforrások",
      "competence": "Pénzügyi források kiaknázása",
      "hint": "Megszerezni és kezelni a szükséges erőforrásokat",
      "question": "A finanszírozás biztosítása különböző forrásokból származó pénzgyűjtéssel",
      "id": 34
    },
    {
      "area": "Erőforrások",
      "competence": "Pénzügyi források kiaknázása",
      "hint": "Megszerezni és kezelni a szükséges erőforrásokat",
      "question": "Az adózás alapvető mechanizmusainak megértése és betartása",
      "id": 35
    },
    {
      "area": "Erőforrások",
      "competence": "Vállalkozói képzettség",
      "hint": "Fejleszteni pénzügyi, gazdasági és vállalkozói ismereteidet",
      "question": "A gazdasági és pénzügyi fogalmak (például a kínálat és a kereslet, a cash flow, a nyereség és a veszteség) megismerése",
      "id": 36
    },
    {
      "area": "Erőforrások",
      "competence": "Vállalkozói képzettség",
      "hint": "Fejleszteni pénzügyi, gazdasági és vállalkozói ismereteidet",
      "question": "A marketing- és értékesítési fogalmak (például termék, ár, promóció) megértése  ",
      "id": 37
    },
    {
      "area": "Erőforrások",
      "competence": "Vállalkozói képzettség",
      "hint": "Fejleszteni pénzügyi, gazdasági és vállalkozói ismereteidet",
      "question": "A vállalkozói ötlet megvalósításához szükséges egyéb kulcsfogalmak – például műveletek, stratégiai tervezés, toborzás – know-how-jának fejlesztése",
      "id": 38
    },
    {
      "area": "Erőforrások",
      "competence": "Vállalkozói képzettség",
      "hint": "Fejleszteni pénzügyi, gazdasági és vállalkozói ismereteidet",
      "question": "Építeni a műszaki-jogi szempontokkal kapcsolatos ismereteimre egy vállalkozói ötlet megvalósítása érdekében",
      "id": 39
    },
    {
      "area": "Erőforrások",
      "competence": "Társak mozgósítása",
      "hint": "Inspirálni, lelkesíteni, és bevonni másokat is.",
      "question": "Példaképektől szerezni inspirációt  ",
      "id": 40
    },
    {
      "area": "Erőforrások",
      "competence": "Társak mozgósítása",
      "hint": "Inspirálni, lelkesíteni, és bevonni másokat is.",
      "question": "Inspirálni másokat a lendület fenntartásával még kedvezőtlen körülmények között is",
      "id": 41
    },
    {
      "area": "Erőforrások",
      "competence": "Társak mozgósítása",
      "hint": "Inspirálni, lelkesíteni, és bevonni másokat is.",
      "question": "Meggyőzni másokat, hogy csatlakozzanak egy vállalkozói ötlethez",
      "id": 42
    },
    {
      "area": "Erőforrások",
      "competence": "Társak mozgósítása",
      "hint": "Inspirálni, lelkesíteni, és bevonni másokat is.",
      "question": "Etikus tárgyalási stratégiák kidolgozása",
      "id": 43
    },
    {
      "area": "Erőforrások",
      "competence": "Társak mozgósítása",
      "hint": "Inspirálni, lelkesíteni, és bevonni másokat is.",
      "question": "Mondanivalóm világos és hatékony közlése",
      "id": 44
    },
    {
      "area": "Erőforrások",
      "competence": "Társak mozgósítása",
      "hint": "Inspirálni, lelkesíteni, és bevonni másokat is.",
      "question": "Mások mozgósítása érdekében hatékony médiastratégiák kidolgozása (közösségi és egyéb) ",
      "id": 45
    },
    {
      "area": "Erőforrások",
      "competence": "Digitális kompetenciák",
      "hint": "Kezelni és használni a vállalkozói ötlethez szükséges digitális technológiákat ",
      "question": "Annak ismerete, hogy mikor és hogyan kell használni a célomnak leginkább megfelelő általános digitális eszközöket (MS Office, virtuális kommunikáció stb.)",
      "id": 46
    },
    {
      "area": "Erőforrások",
      "competence": "Digitális kompetenciák",
      "hint": "Kezelni és használni a vállalkozói ötlethez szükséges digitális technológiákat ",
      "question": "Komplex digitális eszközök (CRM, webanalitika stb.) alkalmazása egy vállalkozói ötlet fejlesztéséhez",
      "id": 47
    },
    {
      "area": "Erőforrások",
      "competence": "Digitális kompetenciák",
      "hint": "Kezelni és használni a vállalkozói ötlethez szükséges digitális technológiákat ",
      "question": "Adatok megjelenítése értelmes és egyértelmű módon, például grafikonokkal és diagramokkal",
      "id": 48
    },
    {
      "area": "Erőforrások",
      "competence": "Digitális kompetenciák",
      "hint": "Kezelni és használni a vállalkozói ötlethez szükséges digitális technológiákat ",
      "question": "Saját és mások kiberbiztonsági kockázatokkal szembeni védettségét megteremteni (pl. adathalászat elleni irányelvek, rosszindulatú programok elleni védelem stb.)   ",
      "id": 49
    },
    {
      "area": "Megvalósítás",
      "competence": "Kezdeményezőkészség",
      "hint": "Cselekedni!",
      "question": "Felelősségvállalás a feladatok elvégzése közben",
      "id": 50
    },
    {
      "area": "Megvalósítás",
      "competence": "Kezdeményezőkészség",
      "hint": "Cselekedni!",
      "question": "Szükség esetén önálló munkavégzés",
      "id": 51
    },
    {
      "area": "Megvalósítás",
      "competence": "Kezdeményezőkészség",
      "hint": "Cselekedni!",
      "question": "Új ötletekkel és lehetőségekkel kapcsolatos tevékenységek kezdeményezése",
      "id": 52
    },
    {
      "area": "Megvalósítás",
      "competence": "Tervezés és menedzsment",
      "hint": "Prioritások felállítani, szervezni és nyomon követni",
      "question": "Világos és elérhető célok meghatározása",
      "id": 53
    },
    {
      "area": "Megvalósítás",
      "competence": "Tervezés és menedzsment",
      "hint": "Prioritások felállítani, szervezni és nyomon követni",
      "question": "Gondos tervezés és szervezés a vállalkozói ötlet sikerre viteléhez",
      "id": 54
    },
    {
      "area": "Megvalósítás",
      "competence": "Tervezés és menedzsment",
      "hint": "Prioritások felállítani, szervezni és nyomon követni",
      "question": "A feladatok prioritásainak meghatározása, még bizonytalan körülmények között is    ",
      "id": 55
    },
    {
      "area": "Megvalósítás",
      "competence": "Tervezés és menedzsment",
      "hint": "Prioritások felállítani, szervezni és nyomon követni",
      "question": "Hatékony időgazdálkodási technikák kimunkálása",
      "id": 56
    },
    {
      "area": "Megvalósítás",
      "competence": "Tervezés és menedzsment",
      "hint": "Prioritások felállítani, szervezni és nyomon követni",
      "question": "Fenntartható cselekvési terv kidolgozása egy vállalkozói ötlet számára",
      "id": 57
    },
    {
      "area": "Megvalósítás",
      "competence": "Folyamat menedzsment",
      "hint": "Kezelni és összehangolni a folyamatokat a célokkal a vállalkozási ötlet sikerének érdekében",
      "question": "Az előrehaladás nyomon követése megfelelő mérőszámok használatával",
      "id": 58
    },
    {
      "area": "Megvalósítás",
      "competence": "Folyamat menedzsment",
      "hint": "Kezelni és összehangolni a folyamatokat a célokkal a vállalkozási ötlet sikerének érdekében",
      "question": "Szükség esetén a terveim újrafogalmazása",
      "id": 59
    },
    {
      "area": "Megvalósítás",
      "competence": "Folyamat menedzsment",
      "hint": "Kezelni és összehangolni a folyamatokat a célokkal a vállalkozási ötlet sikerének érdekében",
      "question": "Rugalmasság és alkalmazkodás a változásokhoz",
      "id": 60
    },
    {
      "area": "Megvalósítás",
      "competence": "Folyamat menedzsment",
      "hint": "Kezelni és összehangolni a folyamatokat a célokkal a vállalkozási ötlet sikerének érdekében",
      "question": "A csapat változásainak előrejelzése és az azokra való reagálás képessége",
      "id": 61
    },
    {
      "area": "Megvalósítás",
      "competence": "Folyamat menedzsment",
      "hint": "Kezelni és összehangolni a folyamatokat a célokkal a vállalkozási ötlet sikerének érdekében",
      "question": "Agilis munkavégzés a rövid távú és elérhető célok megtervezésével és a terveimnek az eredményeimnek megfelelő kiigazításával.",
      "id": 62
    },
    {
      "area": "Megvalósítás",
      "competence": "Bizonytalanság- és kockázatkezelés",
      "hint": "Dönteni és vezetni még bizonytalan helyzetekben is",
      "question": "Megbirkózni a bizonytalansággal, a kétértelműséggel, a kockázattal.",
      "id": 63
    },
    {
      "area": "Megvalósítás",
      "competence": "Bizonytalanság- és kockázatkezelés",
      "hint": "Dönteni és vezetni még bizonytalan helyzetekben is",
      "question": "Egy vállalkozói ötlet kockázatának és hasznának kiszámítása",
      "id": 64
    },
    {
      "area": "Megvalósítás",
      "competence": "Bizonytalanság- és kockázatkezelés",
      "hint": "Dönteni és vezetni még bizonytalan helyzetekben is",
      "question": "Kockázatkezelési stratégiák kidolgozása egy vállalkozói ötlethez",
      "id": 65
    },
    {
      "area": "Megvalósítás",
      "competence": "Együttműködés és értékelés a tervezésben",
      "hint": "Közösen felhasználókkal alkotni, prototípust készíteni és tesztelni",
      "question": "A prototípus alapvető funkcióinak azonosítása",
      "id": 66
    },
    {
      "area": "Megvalósítás",
      "competence": "Együttműködés és értékelés a tervezésben",
      "hint": "Közösen felhasználókkal alkotni, prototípust készíteni és tesztelni",
      "question": "A legfontosabb előfeltevések és a prototípus tesztelése és finomhangolása",
      "id": 67
    },
    {
      "area": "Megvalósítás",
      "competence": "Együttműködés és értékelés a tervezésben",
      "hint": "Közösen felhasználókkal alkotni, prototípust készíteni és tesztelni",
      "question": "Másokkal együtt létrehozni árukat, szolgáltatásokat vagy megoldásokat ",
      "id": 68
    },
    {
      "area": "Megvalósítás",
      "competence": "Együttműködés másokkal",
      "hint": "Csoportot alkotni, együtt dolgozni és kapcsolatokat építeni.",
      "question": "A sokszínűség előmozdítása a csapatomban azáltal, hogy nyitott vagyok a különböző személyiségekre és nézőpontokra",
      "id": 69
    },
    {
      "area": "Megvalósítás",
      "competence": "Együttműködés másokkal",
      "hint": "Csoportot alkotni, együtt dolgozni és kapcsolatokat építeni.",
      "question": "Az érzelmi intelligencia fejlesztése és megjelenítése",
      "id": 70
    },
    {
      "area": "Megvalósítás",
      "competence": "Együttműködés másokkal",
      "hint": "Csoportot alkotni, együtt dolgozni és kapcsolatokat építeni.",
      "question": "Figyelemmel meghallgatni a felhasználóimat és más érdekelt feleket",
      "id": 71
    },
    {
      "area": "Megvalósítás",
      "competence": "Együttműködés másokkal",
      "hint": "Csoportot alkotni, együtt dolgozni és kapcsolatokat építeni.",
      "question": "Kiegyensúlyozott és egymást kiegészítő készségekkel rendelkező csapat kialakítása",
      "id": 72
    },
    {
      "area": "Megvalósítás",
      "competence": "Együttműködés másokkal",
      "hint": "Csoportot alkotni, együtt dolgozni és kapcsolatokat építeni.",
      "question": "Másokkal strukturáltan és harmonikusan együttműködni",
      "id": 73
    },
    {
      "area": "Megvalósítás",
      "competence": "Együttműködés másokkal",
      "hint": "Csoportot alkotni, együtt dolgozni és kapcsolatokat építeni.",
      "question": "Érzelmileg pozitív kapcsolatok kialakítása a projektpartnerekkel (beleértve a mentorokat, befektetőket stb.)",
      "id": 74
    },
    {
      "area": "Megvalósítás",
      "competence": "Együttműködés másokkal",
      "hint": "Csoportot alkotni, együtt dolgozni és kapcsolatokat építeni.",
      "question": "A vállalkozói elképzelésemet támogató kapcsolatok kiépítése",
      "id": 75
    },
    {
      "area": "Megvalósítás",
      "competence": "Együttműködés másokkal",
      "hint": "Csoportot alkotni, együtt dolgozni és kapcsolatokat építeni.",
      "question": "Kapcsolataim, hálózatom proaktív bővítése",
      "id": 76
    },
    {
      "area": "Megvalósítás",
      "competence": "Tanulás tapasztalatokon keresztül",
      "hint": "A gyakorlatban tanulni.",
      "question": "A kudarcok és eredmények átgondolása és az azokból való tanulás.",
      "id": 77
    },
    {
      "area": "Megvalósítás",
      "competence": "Tanulás tapasztalatokon keresztül",
      "hint": "A gyakorlatban tanulni.",
      "question": "Aktívan lehetőségeket találni, hogy az erősségeimet fejlesszem és a gyengeségeimet csökkentsem",
      "id": 78
    },
    {
      "area": "Megvalósítás",
      "competence": "Tanulás tapasztalatokon keresztül",
      "hint": "A gyakorlatban tanulni.",
      "question": "Tanulás a saját vagy mások korábbi tapasztalataiból",
      "id": 79
    }
  ]
}