{
  "language": "de",
  "version": 7,
  "assessment_type": "student",
  "last_created": "21/11/2022 10:24:34",
  "staticText": {
    "ableTo": "Ich kann....",
    "area": "Bereich",
    "back": "Zurück",
    "continue": "Weiter",
    "finish": "Fertig",
    "hint": "Hinweis",
    "previous": "Vorherige",
    "next": "Nächste"
  },
  "answers": [
    {
      "score": 1,
      "title": "Keine",
      "description": "Ich habe keine Kenntnisse."
    },
    {
      "score": 2,
      "title": "Basic",
      "description": "Ich verfüge über Grundkenntnisse."
    },
    {
      "score": 3,
      "title": "Mittelstufe",
      "description": "Ich habe Erfahrung in der Anwendung."
    },
    {
      "score": 4,
      "title": "Advanced",
      "description": "Ich habe trotz Herausforderungen die gewünschten Ergebnisse erzielt."
    },
    {
      "score": 5,
      "title": "Expert",
      "description": "Ich werde hier als Referenz und Inspiration für Andere angesehen."
    },
    {
      "score": 0,
      "title": "Überspringen",
      "description": "Die Frage/Antwort-Option ist unklar."
    }
  ],
  "areas": [],
  "items": [
    {
      "area": "Ideen und Möglichkeiten ",
      "competence": "Chancen erkennen",
      "hint": "Sie nutzen Ihre Vorstellungskraft, Ihr Wissen und Ihre Fähigkeiten, um Möglichkeiten zur Wertschöpfung zu identifizieren",
      "question": "Scannen des Marktumfelds, um relevante Informationen zu erhalten",
      "id": 1
    },
    {
      "area": "Ideen und Möglichkeiten ",
      "competence": "Chancen erkennen",
      "hint": "Sie nutzen Ihre Vorstellungskraft, Ihr Wissen und Ihre Fähigkeiten, um Möglichkeiten zur Wertschöpfung zu identifizieren",
      "question": "Erkennen von Herausforderungen durch Hinterfragen etablierter Vorstellungen",
      "id": 2
    },
    {
      "area": "Ideen und Möglichkeiten ",
      "competence": "Chancen erkennen",
      "hint": "Sie nutzen Ihre Vorstellungskraft, Ihr Wissen und Ihre Fähigkeiten, um Möglichkeiten zur Wertschöpfung zu identifizieren",
      "question": "Chancen und Möglichkeiten schaffen, indem ich mein Wissen aktiv einsetze",
      "id": 3
    },
    {
      "area": "Ideen und Möglichkeiten ",
      "competence": "Chancen erkennen",
      "hint": "Sie nutzen Ihre Vorstellungskraft, Ihr Wissen und Ihre Fähigkeiten, um Möglichkeiten zur Wertschöpfung zu identifizieren",
      "question": "Chancen und Möglichkeiten durch Interaktion mit anderen entdecken (z.B. Kolleginnen/Kollegen, Mentorinnen/Mentoren …)",
      "id": 4
    },
    {
      "area": "Ideen und Möglichkeiten ",
      "competence": "Design-Orientierung",
      "hint": "Sie konzentrieren Ihr Angebot auf die Bedürfnisse der Nutzer",
      "question": "Entwickeln eines nutzerorientierten Angebots",
      "id": 5
    },
    {
      "area": "Ideen und Möglichkeiten ",
      "competence": "Design-Orientierung",
      "hint": "Sie konzentrieren Ihr Angebot auf die Bedürfnisse der Nutzer",
      "question": "Bedürfnisse der relevanten Zielgruppe erkennen",
      "id": 6
    },
    {
      "area": "Ideen und Möglichkeiten ",
      "competence": "Design-Orientierung",
      "hint": "Sie konzentrieren Ihr Angebot auf die Bedürfnisse der Nutzer",
      "question": "Antizipieren zukünftiger Bedürfnisse",
      "id": 7
    },
    {
      "area": "Ideen und Möglichkeiten ",
      "competence": "Kreativität",
      "hint": "Sie entwickeln kreative und zielgerichtete Ideen",
      "question": "Den Status quo hinterfragen, d.h. die aktuellen Lösungen und Herangehensweisen hinterfragen und alternative Perspektiven einnehmen",
      "id": 8
    },
    {
      "area": "Ideen und Möglichkeiten ",
      "competence": "Kreativität",
      "hint": "Sie entwickeln kreative und zielgerichtete Ideen",
      "question": "Disruptive Veränderungen vorantreiben.",
      "id": 9
    },
    {
      "area": "Ideen und Möglichkeiten ",
      "competence": "Kreativität",
      "hint": "Sie entwickeln kreative und zielgerichtete Ideen",
      "question": "Probleme kreativ lösen",
      "id": 10
    },
    {
      "area": "Ideen und Möglichkeiten ",
      "competence": "Kreativität",
      "hint": "Sie entwickeln kreative und zielgerichtete Ideen",
      "question": "Ideen generieren und weiterentwickeln",
      "id": 11
    },
    {
      "area": "Ideen und Möglichkeiten ",
      "competence": "Kreativität",
      "hint": "Sie entwickeln kreative und zielgerichtete Ideen",
      "question": "Entwicklung und Umsetzung von Innovationen (Produkt, Technologie, Prozess, Marketing usw.)",
      "id": 12
    },
    {
      "area": "Ideen und Möglichkeiten ",
      "competence": "Vision",
      "hint": "Sie verfolgen Ihre Vision der Zukunft",
      "question": "Entwickeln einer inspirierenden Vision für eine unternehmerische Idee",
      "id": 13
    },
    {
      "area": "Ideen und Möglichkeiten ",
      "competence": "Vision",
      "hint": "Sie verfolgen Ihre Vision der Zukunft",
      "question": "Strategisches Denken im Einklang mit meiner langfristigen Vision",
      "id": 14
    },
    {
      "area": "Ideen und Möglichkeiten ",
      "competence": "Vision",
      "hint": "Sie verfolgen Ihre Vision der Zukunft",
      "question": "Erstellung und Umsetzung eines Aktionsplans oder einer To-Do-Liste",
      "id": 15
    },
    {
      "area": "Ideen und Möglichkeiten ",
      "competence": "Ideen bewerten ",
      "hint": "Sie nutzen Ideen und Möglichkeiten optimal ",
      "question": "Entwicklung von Strategien zur Beurteilung des Wertes neuer Ideen",
      "id": 16
    },
    {
      "area": "Ideen und Möglichkeiten ",
      "competence": "Ideen bewerten ",
      "hint": "Sie nutzen Ideen und Möglichkeiten optimal ",
      "question": "Identifizieren, welcher Interessenvertreter welche Art von Wert einer neuen Idee bevorzugt (wirtschaftlich, Einfluss, Harmonie usw.)",
      "id": 17
    },
    {
      "area": "Ideen und Möglichkeiten ",
      "competence": "Ideen bewerten ",
      "hint": "Sie nutzen Ideen und Möglichkeiten optimal ",
      "question": "Schutz und gemeinsame Nutzung von geistigem Eigentum durch den Einsatz geeigneter Strategien (wie Patente, Urheberrechte, Marken, Vereinbarungen usw.)",
      "id": 18
    },
    {
      "area": "Ideen und Möglichkeiten ",
      "competence": "Ethisches und nachhaltiges Denken",
      "hint": "Sie schätzen die Folgen und Auswirkungen von Ideen, Gelegenheiten und Handlungen ab",
      "question": "Ethisches Verhalten bei der Umsetzung einer Idee annehmen und fördern:",
      "id": 19
    },
    {
      "area": "Ideen und Möglichkeiten ",
      "competence": "Ethisches und nachhaltiges Denken",
      "hint": "Sie schätzen die Folgen und Auswirkungen von Ideen, Gelegenheiten und Handlungen ab",
      "question": "Über die nachhaltigen Auswirkungen meiner Handlungen nachdenken, bevor ich sie ausführe",
      "id": 20
    },
    {
      "area": "Ideen und Möglichkeiten ",
      "competence": "Ethisches und nachhaltiges Denken",
      "hint": "Sie schätzen die Folgen und Auswirkungen von Ideen, Gelegenheiten und Handlungen ab",
      "question": "Erfassung und Bewertung der Auswirkungen meines Handelns ",
      "id": 21
    },
    {
      "area": "Ideen und Möglichkeiten ",
      "competence": "Ethisches und nachhaltiges Denken",
      "hint": "Sie schätzen die Folgen und Auswirkungen von Ideen, Gelegenheiten und Handlungen ab",
      "question": "Übernahme von Verantwortung für mein Handeln ",
      "id": 22
    },
    {
      "area": "Ressourcen",
      "competence": "Selbstwahrnehmung und Selbstwirksamkeit",
      "hint": "Sie glauben an Ihre Fähigkeit, Aufgaben zu meistern und die gewünschten Ergebnisse zu erzielen",
      "question": "Meine Ziele verfolgen, indem ich sie in erreichbare Ziele umsetze",
      "id": 23
    },
    {
      "area": "Ressourcen",
      "competence": "Selbstwahrnehmung und Selbstwirksamkeit",
      "hint": "Sie glauben an Ihre Fähigkeit, Aufgaben zu meistern und die gewünschten Ergebnisse zu erzielen",
      "question": "Regelmäßige Ermittlung meiner Stärken und Schwächen",
      "id": 24
    },
    {
      "area": "Ressourcen",
      "competence": "Selbstwahrnehmung und Selbstwirksamkeit",
      "hint": "Sie glauben an Ihre Fähigkeit, Aufgaben zu meistern und die gewünschten Ergebnisse zu erzielen",
      "question": "Umsetzung einer unternehmerischen Idee in der Überzeugung, dass ich die dabei auftretenden Schwierigkeiten bewältigen kann ",
      "id": 25
    },
    {
      "area": "Ressourcen",
      "competence": "Selbstwahrnehmung und Selbstwirksamkeit",
      "hint": "Sie glauben an Ihre Fähigkeit, Aufgaben zu meistern und die gewünschten Ergebnisse zu erzielen",
      "question": "Meine Zukunft gestalten, indem ich die notwendigen Fähigkeiten dafür entwickle",
      "id": 26
    },
    {
      "area": "Ressourcen",
      "competence": "Motivation und Durchhaltevermögen",
      "hint": "Sie bleiben fokussiert und geben nicht auf",
      "question": "Meine Konzentration auf langfristige Aufgaben aufrechtzuerhalten",
      "id": 27
    },
    {
      "area": "Ressourcen",
      "competence": "Motivation und Durchhaltevermögen",
      "hint": "Sie bleiben fokussiert und geben nicht auf",
      "question": "Bei der Umsetzung einer unternehmerischen Idee motiviert und leidenschaftlich bleiben",
      "id": 28
    },
    {
      "area": "Ressourcen",
      "competence": "Motivation und Durchhaltevermögen",
      "hint": "Sie bleiben fokussiert und geben nicht auf",
      "question": "Meine Ziele trotz Schwierigkeiten beharrlich zu verfolgen",
      "id": 29
    },
    {
      "area": "Ressourcen",
      "competence": "Motivation und Durchhaltevermögen",
      "hint": "Sie bleiben fokussiert und geben nicht auf",
      "question": "Resilienz (emotionales Durchhaltevermögen) angesichts von Widrigkeiten zeigen",
      "id": 30
    },
    {
      "area": "Ressourcen",
      "competence": "Finanzielle Ressourcen beschaffen",
      "hint": "Sie beschaffen und managen die benötigten Ressourcen",
      "question": "Beschaffung von (materiellen und immateriellen) Ressourcen, die für den Erfolg einer unternehmerischen Idee erforderlich sind",
      "id": 31
    },
    {
      "area": "Ressourcen",
      "competence": "Finanzielle Ressourcen beschaffen",
      "hint": "Sie beschaffen und managen die benötigten Ressourcen",
      "question": "Das Beste aus begrenzten Ressourcen machen",
      "id": 32
    },
    {
      "area": "Ressourcen",
      "competence": "Finanzielle Ressourcen beschaffen",
      "hint": "Sie beschaffen und managen die benötigten Ressourcen",
      "question": "Proaktive Erstellung eines Budgetplans ",
      "id": 33
    },
    {
      "area": "Ressourcen",
      "competence": "Finanzielle Ressourcen beschaffen",
      "hint": "Sie beschaffen und managen die benötigten Ressourcen",
      "question": "Sicherstellung der Finanzierung durch Beschaffung von Geld aus verschiedenen Quellen",
      "id": 34
    },
    {
      "area": "Ressourcen",
      "competence": "Finanzielle Ressourcen beschaffen",
      "hint": "Sie beschaffen und managen die benötigten Ressourcen",
      "question": "Die grundlegenden Mechanismen der Besteuerung verstehen und einhalten",
      "id": 35
    },
    {
      "area": "Ressourcen",
      "competence": "Unternehmerische Kompetenz",
      "hint": "Sie entwickeln finanzielles, wirtschaftliches und unternehmerisches Know-how",
      "question": "Erlernen von Wirtschafts- und Finanzkonzepten (z. B. Angebot und Nachfrage, Cashflow, Gewinn und Verlust)",
      "id": 36
    },
    {
      "area": "Ressourcen",
      "competence": "Unternehmerische Kompetenz",
      "hint": "Sie entwickeln finanzielles, wirtschaftliches und unternehmerisches Know-how",
      "question": "Verstehen von Marketing- und Vertriebskonzepten (z. B. Produkt, Preis, Werbung)  ",
      "id": 37
    },
    {
      "area": "Ressourcen",
      "competence": "Unternehmerische Kompetenz",
      "hint": "Sie entwickeln finanzielles, wirtschaftliches und unternehmerisches Know-how",
      "question": "Entwicklung des Know-hows über andere Schlüsselkonzepte, die für die Umsetzung einer unternehmerischen Idee erforderlich sind, wie Betrieb, strategische Planung, Personalbeschaffung",
      "id": 38
    },
    {
      "area": "Ressourcen",
      "competence": "Unternehmerische Kompetenz",
      "hint": "Sie entwickeln finanzielles, wirtschaftliches und unternehmerisches Know-how",
      "question": "Ausbau meines Wissens über die technisch-rechtlichen Aspekte der Umsetzung einer unternehmerischen Idee",
      "id": 39
    },
    {
      "area": "Ressourcen",
      "competence": "Andere mobilisieren",
      "hint": "Sie inspirieren, begeistern und bringen andere dazu mitzumachen",
      "question": "Sich von Vorbildern inspirieren lassen",
      "id": 40
    },
    {
      "area": "Ressourcen",
      "competence": "Andere mobilisieren",
      "hint": "Sie inspirieren, begeistern und bringen andere dazu mitzumachen",
      "question": "Andere inspirieren, indem ich auch unter widrigen Umständen dynamisch bleibe",
      "id": 41
    },
    {
      "area": "Ressourcen",
      "competence": "Andere mobilisieren",
      "hint": "Sie inspirieren, begeistern und bringen andere dazu mitzumachen",
      "question": "Andere davon überzeugen, sich für eine unternehmerische Idee zu engagieren",
      "id": 42
    },
    {
      "area": "Ressourcen",
      "competence": "Andere mobilisieren",
      "hint": "Sie inspirieren, begeistern und bringen andere dazu mitzumachen",
      "question": "Ethische Verhandlungsstrategien entwickeln",
      "id": 43
    },
    {
      "area": "Ressourcen",
      "competence": "Andere mobilisieren",
      "hint": "Sie inspirieren, begeistern und bringen andere dazu mitzumachen",
      "question": "Meine Botschaft klar und wirksam kommunizieren",
      "id": 44
    },
    {
      "area": "Ressourcen",
      "competence": "Andere mobilisieren",
      "hint": "Sie inspirieren, begeistern und bringen andere dazu mitzumachen",
      "question": "Entwicklung effektiver Medienstrategien (social media und weitere) zur Mobilisierung anderer Personen",
      "id": 45
    },
    {
      "area": "Ressourcen",
      "competence": "Digitale Kompetenzen",
      "hint": "Sie managen und nutzen digitale Technologien, die man für eine unternehmerische Idee braucht ",
      "question": "Wissen, wann und wie ich allgemeine digitale Werkzeuge (MS Office, virtuelle Kommunikation usw.) am besten für meinen Zweck einsetzen kann",
      "id": 46
    },
    {
      "area": "Ressourcen",
      "competence": "Digitale Kompetenzen",
      "hint": "Sie managen und nutzen digitale Technologien, die man für eine unternehmerische Idee braucht ",
      "question": "Einsatz komplexer digitaler Tools (CRM, Webanalyse usw.), um eine unternehmerische Idee voranzubringen",
      "id": 47
    },
    {
      "area": "Ressourcen",
      "competence": "Digitale Kompetenzen",
      "hint": "Sie managen und nutzen digitale Technologien, die man für eine unternehmerische Idee braucht ",
      "question": "Daten in aussagekräftigen und übersichtlichen Darstellungen wie Schaubildern und Diagrammen aufbereiten",
      "id": 48
    },
    {
      "area": "Ressourcen",
      "competence": "Digitale Kompetenzen",
      "hint": "Sie managen und nutzen digitale Technologien, die man für eine unternehmerische Idee braucht ",
      "question": "Gewährleistung der eigenen Sicherheit und der Sicherheit anderer vor Cybersecurity-Risiken durch Schutzmaßnahmen (z. B. Anti-Phishing-Richtlinien, Schutz vor Malware usw.):     ",
      "id": 49
    },
    {
      "area": "In Aktion ",
      "competence": "Initiative ergreifen",
      "hint": "Los geht’s!",
      "question": "Übernahme von Verantwortung bei der Ausführung von Aufgaben",
      "id": 50
    },
    {
      "area": "In Aktion ",
      "competence": "Initiative ergreifen",
      "hint": "Los geht’s!",
      "question": "Selbstständiges Arbeiten, wenn erforderlich",
      "id": 51
    },
    {
      "area": "In Aktion ",
      "competence": "Initiative ergreifen",
      "hint": "Los geht’s!",
      "question": "Initiierung von Maßnahmen zur Umsetzung neuer Ideen und Möglichkeiten",
      "id": 52
    },
    {
      "area": "In Aktion ",
      "competence": "Planung und Management ",
      "hint": "Sie setzen Prioritäten, organisieren und fassen nach",
      "question": "Klare und erreichbare Ziele definieren",
      "id": 53
    },
    {
      "area": "In Aktion ",
      "competence": "Planung und Management ",
      "hint": "Sie setzen Prioritäten, organisieren und fassen nach",
      "question": "Sorgfältiges Planen und Organisieren, um eine unternehmerische Idee zum Erfolg zu führen",
      "id": 54
    },
    {
      "area": "In Aktion ",
      "competence": "Planung und Management ",
      "hint": "Sie setzen Prioritäten, organisieren und fassen nach",
      "question": "Aufgabenprioritäten auch unter unsicheren Umständen festlegen",
      "id": 55
    },
    {
      "area": "In Aktion ",
      "competence": "Planung und Management ",
      "hint": "Sie setzen Prioritäten, organisieren und fassen nach",
      "question": "Effektive Zeitmanagementtechniken entwickeln",
      "id": 56
    },
    {
      "area": "In Aktion ",
      "competence": "Planung und Management ",
      "hint": "Sie setzen Prioritäten, organisieren und fassen nach",
      "question": "Entwicklung eines nachhaltigen Aktionsplans für eine unternehmerische Idee",
      "id": 57
    },
    {
      "area": "In Aktion ",
      "competence": "Prozessmanagement",
      "hint": "Sie managen Prozesse und geben ihnen eine Richtung, um mit einer unternehmerischen Idee erfolgreich zu sein.",
      "question": "Überwachung des Fortschritts mit Hilfe geeigneter Messgrößen:",
      "id": 58
    },
    {
      "area": "In Aktion ",
      "competence": "Prozessmanagement",
      "hint": "Sie managen Prozesse und geben ihnen eine Richtung, um mit einer unternehmerischen Idee erfolgreich zu sein.",
      "question": "Meine Pläne neu ausrichten, wenn nötig",
      "id": 59
    },
    {
      "area": "In Aktion ",
      "competence": "Prozessmanagement",
      "hint": "Sie managen Prozesse und geben ihnen eine Richtung, um mit einer unternehmerischen Idee erfolgreich zu sein.",
      "question": "Flexibel und anpassungsfähig gegenüber Veränderungen sein",
      "id": 60
    },
    {
      "area": "In Aktion ",
      "competence": "Prozessmanagement",
      "hint": "Sie managen Prozesse und geben ihnen eine Richtung, um mit einer unternehmerischen Idee erfolgreich zu sein.",
      "question": "Veränderungen im Team vorhersehen und darauf reagieren können",
      "id": 61
    },
    {
      "area": "In Aktion ",
      "competence": "Prozessmanagement",
      "hint": "Sie managen Prozesse und geben ihnen eine Richtung, um mit einer unternehmerischen Idee erfolgreich zu sein.",
      "question": "Agil arbeiten, indem ich kurzfristige und erreichbare Ziele plane und meine Pläne entsprechend den Ergebnissen anpasse",
      "id": 62
    },
    {
      "area": "In Aktion ",
      "competence": "Umgang mit Unsicherheit, Mehrdeutigkeit und Risiko",
      "hint": "Sie entscheiden und führen auch in unklaren Situationen",
      "question": "Mit Ungewissheit, Mehrdeutigkeit und Risiko umgehen",
      "id": 63
    },
    {
      "area": "In Aktion ",
      "competence": "Umgang mit Unsicherheit, Mehrdeutigkeit und Risiko",
      "hint": "Sie entscheiden und führen auch in unklaren Situationen",
      "question": "Abwägen von Risiko und Nutzen einer unternehmerischen Idee",
      "id": 64
    },
    {
      "area": "In Aktion ",
      "competence": "Umgang mit Unsicherheit, Mehrdeutigkeit und Risiko",
      "hint": "Sie entscheiden und führen auch in unklaren Situationen",
      "question": "Entwicklung von Risikomanagementstrategien für eine unternehmerische Idee",
      "id": 65
    },
    {
      "area": "In Aktion ",
      "competence": "Designvalidierung und Co-Creation",
      "hint": "Sie gestalten, entwickeln und testen  gemeinsam mit den Nutzern",
      "question": "Identifizierung der Grundfunktionen eines Prototyps",
      "id": 66
    },
    {
      "area": "In Aktion ",
      "competence": "Designvalidierung und Co-Creation",
      "hint": "Sie gestalten, entwickeln und testen  gemeinsam mit den Nutzern",
      "question": "Testen und Verfeinern der wichtigsten Annahmen und des Prototyps",
      "id": 67
    },
    {
      "area": "In Aktion ",
      "competence": "Designvalidierung und Co-Creation",
      "hint": "Sie gestalten, entwickeln und testen  gemeinsam mit den Nutzern",
      "question": "Gemeinsame Entwicklung von Produkten, Dienstleistungen oder Lösungen mit anderen",
      "id": 68
    },
    {
      "area": "In Aktion ",
      "competence": "Zusammenarbeit mit anderen",
      "hint": "Sie bilden ein Team, arbeiten gemeinsam und vernetzen sich.",
      "question": "Förderung der Vielfalt in meinem Team durch Offenheit für unterschiedliche Profile und Meinungen",
      "id": 69
    },
    {
      "area": "In Aktion ",
      "competence": "Zusammenarbeit mit anderen",
      "hint": "Sie bilden ein Team, arbeiten gemeinsam und vernetzen sich.",
      "question": "Emotionale Intelligenz entwickeln und zeigen",
      "id": 70
    },
    {
      "area": "In Aktion ",
      "competence": "Zusammenarbeit mit anderen",
      "hint": "Sie bilden ein Team, arbeiten gemeinsam und vernetzen sich.",
      "question": "Aktiv meinen Nutzern sowie anderen relevanten Interessengruppen Gehör schenken",
      "id": 71
    },
    {
      "area": "In Aktion ",
      "competence": "Zusammenarbeit mit anderen",
      "hint": "Sie bilden ein Team, arbeiten gemeinsam und vernetzen sich.",
      "question": "Aufbau eines Teams mit ausgewogenen und sich ergänzenden Fähigkeiten:",
      "id": 72
    },
    {
      "area": "In Aktion ",
      "competence": "Zusammenarbeit mit anderen",
      "hint": "Sie bilden ein Team, arbeiten gemeinsam und vernetzen sich.",
      "question": "Strukturell und harmonisch mit anderen zusammenarbeiten",
      "id": 73
    },
    {
      "area": "In Aktion ",
      "competence": "Zusammenarbeit mit anderen",
      "hint": "Sie bilden ein Team, arbeiten gemeinsam und vernetzen sich.",
      "question": "Aufbau von emotional positiven Beziehungen zu Projektpartnern (einschließlich Mentorinnen/Mentoren, Investorinnen/Investoren usw.):  ",
      "id": 74
    },
    {
      "area": "In Aktion ",
      "competence": "Zusammenarbeit mit anderen",
      "hint": "Sie bilden ein Team, arbeiten gemeinsam und vernetzen sich.",
      "question": "Aufbau eines Netzwerks, das meine unternehmerische Idee unterstützt",
      "id": 75
    },
    {
      "area": "In Aktion ",
      "competence": "Zusammenarbeit mit anderen",
      "hint": "Sie bilden ein Team, arbeiten gemeinsam und vernetzen sich.",
      "question": "Mein Netzwerk proaktiv ausbauen",
      "id": 76
    },
    {
      "area": "In Aktion ",
      "competence": "Durch Erfahrung lernen",
      "hint": "Learn by doing.",
      "question": "Misserfolge und Erfolge reflektieren und daraus lernen",
      "id": 77
    },
    {
      "area": "In Aktion ",
      "competence": "Durch Erfahrung lernen",
      "hint": "Learn by doing.",
      "question": "Aktive Nutzung von Möglichkeiten, um meine Stärken auszubauen und meine Schwächen zu verringern:  ",
      "id": 78
    },
    {
      "area": "In Aktion ",
      "competence": "Durch Erfahrung lernen",
      "hint": "Learn by doing.",
      "question": "Aus meinen früheren Erfahrungen oder denen anderer lernen",
      "id": 79
    }
  ]
}